-- phpMyAdmin SQL Dump
-- version 5.1.1
-- https://www.phpmyadmin.net/
--
-- Host: 127.0.0.1
-- Generation Time: Sep 18, 2021 at 07:54 AM
-- Server version: 10.4.19-MariaDB
-- PHP Version: 8.0.7

SET SQL_MODE = "NO_AUTO_VALUE_ON_ZERO";
START TRANSACTION;
SET time_zone = "+00:00";


/*!40101 SET @OLD_CHARACTER_SET_CLIENT=@@CHARACTER_SET_CLIENT */;
/*!40101 SET @OLD_CHARACTER_SET_RESULTS=@@CHARACTER_SET_RESULTS */;
/*!40101 SET @OLD_COLLATION_CONNECTION=@@COLLATION_CONNECTION */;
/*!40101 SET NAMES utf8mb4 */;

--
-- Database: `web_banhang`
--

-- --------------------------------------------------------

--
-- Table structure for table `tbl_admin`
--

CREATE TABLE `tbl_admin` (
  `adminId` int(11) NOT NULL,
  `adminName` varchar(255) COLLATE utf8_unicode_ci NOT NULL,
  `adminEmail` varchar(150) COLLATE utf8_unicode_ci NOT NULL,
  `adminUser` varchar(255) COLLATE utf8_unicode_ci NOT NULL,
  `adminPass` varchar(255) COLLATE utf8_unicode_ci NOT NULL,
  `level` int(30) NOT NULL
) ENGINE=InnoDB DEFAULT CHARSET=utf8 COLLATE=utf8_unicode_ci;

--
-- Dumping data for table `tbl_admin`
--

INSERT INTO `tbl_admin` (`adminId`, `adminName`, `adminEmail`, `adminUser`, `adminPass`, `level`) VALUES
(1, 'hieutan', 'hieutan@gmail.com', 'admin', '123', 0),
(2, 'Phuc', 'phuc@gmail.com', 'admin1', '123', 1);

-- --------------------------------------------------------

--
-- Table structure for table `tbl_brand`
--

CREATE TABLE `tbl_brand` (
  `brandId` int(11) UNSIGNED NOT NULL,
  `brandName` varchar(255) COLLATE utf8_unicode_ci NOT NULL
) ENGINE=InnoDB DEFAULT CHARSET=utf8 COLLATE=utf8_unicode_ci;

--
-- Dumping data for table `tbl_brand`
--

INSERT INTO `tbl_brand` (`brandId`, `brandName`) VALUES
(6, 'Samsung'),
(7, 'Apple'),
(8, 'Huawei'),
(9, 'Oppo'),
(10, 'Dell'),
(12, 'Viettel'),
(13, 'OEM'),
(15, 'TP-Link'),
(16, 'Iphone');

-- --------------------------------------------------------

--
-- Table structure for table `tbl_cart`
--

CREATE TABLE `tbl_cart` (
  `cartId` int(11) NOT NULL,
  `productId` int(11) UNSIGNED NOT NULL,
  `sId` varchar(255) COLLATE utf8_unicode_ci NOT NULL,
  `productName` varchar(255) COLLATE utf8_unicode_ci NOT NULL,
  `price` varchar(255) COLLATE utf8_unicode_ci NOT NULL,
  `quantity` int(11) NOT NULL,
  `image` varchar(255) COLLATE utf8_unicode_ci NOT NULL
) ENGINE=InnoDB DEFAULT CHARSET=utf8 COLLATE=utf8_unicode_ci;

--
-- Dumping data for table `tbl_cart`
--

INSERT INTO `tbl_cart` (`cartId`, `productId`, `sId`, `productName`, `price`, `quantity`, `image`) VALUES
(30, 38, 'peeh932o2o66ihmou6lkk2099s', 'Điện thoại iPhone 12 64GB VN/A Blue ', '26300000', 1, 'c032b63846.jfif');

-- --------------------------------------------------------

--
-- Table structure for table `tbl_category`
--

CREATE TABLE `tbl_category` (
  `catId` int(11) UNSIGNED NOT NULL,
  `catName` varchar(255) COLLATE utf8_unicode_ci NOT NULL
) ENGINE=InnoDB DEFAULT CHARSET=utf8 COLLATE=utf8_unicode_ci;

--
-- Dumping data for table `tbl_category`
--

INSERT INTO `tbl_category` (`catId`, `catName`) VALUES
(20, 'Iphone'),
(21, 'Samsung'),
(22, 'Xiaomi'),
(23, 'VSmart'),
(24, 'LG'),
(25, 'OnePlus'),
(26, 'OPPO');

-- --------------------------------------------------------

--
-- Table structure for table `tbl_compare`
--

CREATE TABLE `tbl_compare` (
  `id` int(11) NOT NULL,
  `customer_id` int(11) UNSIGNED NOT NULL,
  `productId` int(11) UNSIGNED NOT NULL,
  `productName` varchar(255) COLLATE utf8_unicode_ci NOT NULL,
  `price` varchar(255) COLLATE utf8_unicode_ci NOT NULL,
  `image` varchar(255) COLLATE utf8_unicode_ci NOT NULL
) ENGINE=InnoDB DEFAULT CHARSET=utf8 COLLATE=utf8_unicode_ci;

-- --------------------------------------------------------

--
-- Table structure for table `tbl_customer`
--

CREATE TABLE `tbl_customer` (
  `id` int(11) UNSIGNED NOT NULL,
  `name` varchar(255) COLLATE utf8_unicode_ci NOT NULL,
  `address` varchar(255) COLLATE utf8_unicode_ci NOT NULL,
  `city` varchar(30) COLLATE utf8_unicode_ci NOT NULL,
  `country` varchar(30) COLLATE utf8_unicode_ci NOT NULL,
  `zipcode` varchar(30) COLLATE utf8_unicode_ci NOT NULL,
  `phone` varchar(30) COLLATE utf8_unicode_ci NOT NULL,
  `email` varchar(50) COLLATE utf8_unicode_ci NOT NULL,
  `password` varchar(255) COLLATE utf8_unicode_ci NOT NULL
) ENGINE=InnoDB DEFAULT CHARSET=utf8 COLLATE=utf8_unicode_ci;

--
-- Dumping data for table `tbl_customer`
--

INSERT INTO `tbl_customer` (`id`, `name`, `address`, `city`, `country`, `zipcode`, `phone`, `email`, `password`) VALUES
(6, 'Hiếu Programming ', 'Số 1 Lê Duẩn, Bến Nghé, Quận 1, Hiệp Thành,Quận 12', 'Thành phố Hồ Chí Minh', 'hcm', '700000', '0932023992', 'truongngoctanhieu2018@gmail.com', '123');

-- --------------------------------------------------------

--
-- Table structure for table `tbl_order`
--

CREATE TABLE `tbl_order` (
  `id` int(11) NOT NULL,
  `productId` int(11) UNSIGNED NOT NULL,
  `productName` varchar(255) COLLATE utf8_unicode_ci NOT NULL,
  `customer_id` int(11) UNSIGNED NOT NULL,
  `quantity` int(11) NOT NULL,
  `price` varchar(255) COLLATE utf8_unicode_ci NOT NULL,
  `image` varchar(255) COLLATE utf8_unicode_ci NOT NULL,
  `status` int(11) NOT NULL DEFAULT 0,
  `date_order` datetime NOT NULL DEFAULT current_timestamp()
) ENGINE=InnoDB DEFAULT CHARSET=utf8 COLLATE=utf8_unicode_ci;

--
-- Dumping data for table `tbl_order`
--

INSERT INTO `tbl_order` (`id`, `productId`, `productName`, `customer_id`, `quantity`, `price`, `image`, `status`, `date_order`) VALUES
(75, 30, 'Điện thoại iPhone 12 Pro Max 128GB', 6, 3, '78900000', 'df5a1883cc.jfif', 0, '2021-09-17 19:08:54'),
(76, 33, 'Điện thoại iPhone 12 64GB VN/A Blue ', 6, 1, '26300000', 'a387de2c7b.png', 1, '2021-09-17 19:13:35');

-- --------------------------------------------------------

--
-- Table structure for table `tbl_product`
--

CREATE TABLE `tbl_product` (
  `productId` int(11) UNSIGNED NOT NULL,
  `productName` tinytext COLLATE utf8_unicode_ci NOT NULL,
  `product_code` varchar(200) COLLATE utf8_unicode_ci NOT NULL,
  `productQuantity` varchar(50) COLLATE utf8_unicode_ci NOT NULL,
  `product_soldout` varchar(50) COLLATE utf8_unicode_ci NOT NULL DEFAULT '0',
  `product_remain` varchar(50) COLLATE utf8_unicode_ci NOT NULL,
  `catId` int(11) UNSIGNED NOT NULL,
  `brandId` int(11) UNSIGNED NOT NULL,
  `product_desc` varchar(300) COLLATE utf8_unicode_ci NOT NULL,
  `type` int(11) NOT NULL,
  `price` varchar(255) COLLATE utf8_unicode_ci NOT NULL,
  `image` varchar(255) COLLATE utf8_unicode_ci NOT NULL
) ENGINE=InnoDB DEFAULT CHARSET=utf8 COLLATE=utf8_unicode_ci;

--
-- Dumping data for table `tbl_product`
--

INSERT INTO `tbl_product` (`productId`, `productName`, `product_code`, `productQuantity`, `product_soldout`, `product_remain`, `catId`, `brandId`, `product_desc`, `type`, `price`, `image`) VALUES
(29, 'Điện thoại iPhone 12 64GB VN/A Blue ', '', '', '0', '', 20, 16, 'Điện thoại tốt', 0, '18400000', '7b939ec229.jfif'),
(30, 'Điện thoại iPhone 12 Pro Max 128GB', '', '', '0', '', 20, 16, 'Tốt', 0, '26300000', 'df5a1883cc.jfif'),
(31, 'Điện thoại iPhone 12 Mini 64GB VN/A Trắng', '', '', '0', '', 20, 16, 'Điện thoại iPhone 12 Mini 64GB VN/A&nbsp;', 0, '13400000', 'f7558e1179.jfif'),
(32, 'Samsung Galaxy Z Flip3 5G 8GB/128GB Chính hãng', '', '', '0', '', 21, 6, 'tốt', 0, '24000000', 'ade8381f9b.png'),
(33, 'Điện thoại iPhone 12 64GB VN/A Blue ', '', '', '0', '', 20, 16, '...', 0, '26300000', 'a387de2c7b.png'),
(34, 'Điện thoại iPhone 12 64GB VN/A Blue ', '', '', '0', '', 20, 16, 'tốt', 0, '26300000', '8899978dc4.png'),
(35, 'Điện thoại iPhone 12 64GB VN/A Blue ', '', '', '0', '', 20, 16, 'tốt', 0, '26300000', 'e7b0da9990.png'),
(37, 'Điện thoại iPhone 12 64GB VN/A Blue ', '', '', '0', '', 25, 10, 'tốt', 0, '26300000', 'c056f1bdac.jfif'),
(38, 'Điện thoại iPhone 12 64GB VN/A Blue ', '', '', '0', '', 25, 15, 'tốt', 0, '26300000', 'c032b63846.jfif'),
(39, 'Điện thoại Oppo A92 Ram 8GB Rom 128GB', '', '', '0', '', 26, 9, 'Tốt', 0, '26300000', '3ccfc2d3c0.jfif');

-- --------------------------------------------------------

--
-- Table structure for table `tbl_slider`
--

CREATE TABLE `tbl_slider` (
  `sliderId` int(11) NOT NULL,
  `sliderName` varchar(255) COLLATE utf8_unicode_ci NOT NULL,
  `slider_image` varchar(255) COLLATE utf8_unicode_ci NOT NULL,
  `type` int(11) NOT NULL
) ENGINE=InnoDB DEFAULT CHARSET=utf8 COLLATE=utf8_unicode_ci;

--
-- Dumping data for table `tbl_slider`
--

INSERT INTO `tbl_slider` (`sliderId`, `sliderName`, `slider_image`, `type`) VALUES
(12, 'Banner thiết bị mạng', '5bc7ca4cb1.png', 1),
(13, 'Thiết bị mạng 2', '3b44a42237.jpg', 1),
(15, 'Slider', '6de10e5260.jpg', 1);

-- --------------------------------------------------------

--
-- Table structure for table `tbl_warehouse`
--

CREATE TABLE `tbl_warehouse` (
  `id_warehouse` int(11) NOT NULL,
  `id_sanpham` int(11) UNSIGNED NOT NULL,
  `sl_nhap` varchar(50) NOT NULL,
  `sl_ngaynhap` timestamp NOT NULL DEFAULT current_timestamp() ON UPDATE current_timestamp()
) ENGINE=InnoDB DEFAULT CHARSET=utf8;

-- --------------------------------------------------------

--
-- Table structure for table `tbl_wishlist`
--

CREATE TABLE `tbl_wishlist` (
  `id` int(11) NOT NULL,
  `customer_id` int(11) UNSIGNED NOT NULL,
  `productId` int(11) UNSIGNED NOT NULL,
  `productName` varchar(255) COLLATE utf8_unicode_ci NOT NULL,
  `price` varchar(255) COLLATE utf8_unicode_ci NOT NULL,
  `image` varchar(255) COLLATE utf8_unicode_ci NOT NULL
) ENGINE=InnoDB DEFAULT CHARSET=utf8 COLLATE=utf8_unicode_ci;

--
-- Indexes for dumped tables
--

--
-- Indexes for table `tbl_admin`
--
ALTER TABLE `tbl_admin`
  ADD PRIMARY KEY (`adminId`);

--
-- Indexes for table `tbl_brand`
--
ALTER TABLE `tbl_brand`
  ADD PRIMARY KEY (`brandId`);

--
-- Indexes for table `tbl_cart`
--
ALTER TABLE `tbl_cart`
  ADD PRIMARY KEY (`cartId`),
  ADD KEY `productId` (`productId`,`quantity`);

--
-- Indexes for table `tbl_category`
--
ALTER TABLE `tbl_category`
  ADD PRIMARY KEY (`catId`);

--
-- Indexes for table `tbl_compare`
--
ALTER TABLE `tbl_compare`
  ADD PRIMARY KEY (`id`),
  ADD KEY `customer_id` (`customer_id`,`productId`),
  ADD KEY `productId` (`productId`);

--
-- Indexes for table `tbl_customer`
--
ALTER TABLE `tbl_customer`
  ADD PRIMARY KEY (`id`);

--
-- Indexes for table `tbl_order`
--
ALTER TABLE `tbl_order`
  ADD PRIMARY KEY (`id`),
  ADD KEY `productId` (`productId`,`customer_id`),
  ADD KEY `quantity` (`quantity`),
  ADD KEY `customer_id` (`customer_id`);

--
-- Indexes for table `tbl_product`
--
ALTER TABLE `tbl_product`
  ADD PRIMARY KEY (`productId`),
  ADD KEY `catId` (`catId`,`brandId`),
  ADD KEY `brandId` (`brandId`);

--
-- Indexes for table `tbl_slider`
--
ALTER TABLE `tbl_slider`
  ADD PRIMARY KEY (`sliderId`);

--
-- Indexes for table `tbl_warehouse`
--
ALTER TABLE `tbl_warehouse`
  ADD PRIMARY KEY (`id_warehouse`),
  ADD KEY `id_sanpham` (`id_sanpham`);

--
-- Indexes for table `tbl_wishlist`
--
ALTER TABLE `tbl_wishlist`
  ADD PRIMARY KEY (`id`),
  ADD KEY `customer_id` (`customer_id`,`productId`),
  ADD KEY `customer_id_2` (`customer_id`,`productId`),
  ADD KEY `productId` (`productId`);

--
-- AUTO_INCREMENT for dumped tables
--

--
-- AUTO_INCREMENT for table `tbl_admin`
--
ALTER TABLE `tbl_admin`
  MODIFY `adminId` int(11) NOT NULL AUTO_INCREMENT, AUTO_INCREMENT=3;

--
-- AUTO_INCREMENT for table `tbl_brand`
--
ALTER TABLE `tbl_brand`
  MODIFY `brandId` int(11) UNSIGNED NOT NULL AUTO_INCREMENT, AUTO_INCREMENT=17;

--
-- AUTO_INCREMENT for table `tbl_cart`
--
ALTER TABLE `tbl_cart`
  MODIFY `cartId` int(11) NOT NULL AUTO_INCREMENT, AUTO_INCREMENT=31;

--
-- AUTO_INCREMENT for table `tbl_category`
--
ALTER TABLE `tbl_category`
  MODIFY `catId` int(11) UNSIGNED NOT NULL AUTO_INCREMENT, AUTO_INCREMENT=27;

--
-- AUTO_INCREMENT for table `tbl_compare`
--
ALTER TABLE `tbl_compare`
  MODIFY `id` int(11) NOT NULL AUTO_INCREMENT, AUTO_INCREMENT=7;

--
-- AUTO_INCREMENT for table `tbl_customer`
--
ALTER TABLE `tbl_customer`
  MODIFY `id` int(11) UNSIGNED NOT NULL AUTO_INCREMENT, AUTO_INCREMENT=7;

--
-- AUTO_INCREMENT for table `tbl_order`
--
ALTER TABLE `tbl_order`
  MODIFY `id` int(11) NOT NULL AUTO_INCREMENT, AUTO_INCREMENT=77;

--
-- AUTO_INCREMENT for table `tbl_product`
--
ALTER TABLE `tbl_product`
  MODIFY `productId` int(11) UNSIGNED NOT NULL AUTO_INCREMENT, AUTO_INCREMENT=40;

--
-- AUTO_INCREMENT for table `tbl_slider`
--
ALTER TABLE `tbl_slider`
  MODIFY `sliderId` int(11) NOT NULL AUTO_INCREMENT, AUTO_INCREMENT=16;

--
-- AUTO_INCREMENT for table `tbl_warehouse`
--
ALTER TABLE `tbl_warehouse`
  MODIFY `id_warehouse` int(11) NOT NULL AUTO_INCREMENT, AUTO_INCREMENT=5;

--
-- AUTO_INCREMENT for table `tbl_wishlist`
--
ALTER TABLE `tbl_wishlist`
  MODIFY `id` int(11) NOT NULL AUTO_INCREMENT, AUTO_INCREMENT=8;

--
-- Constraints for dumped tables
--

--
-- Constraints for table `tbl_cart`
--
ALTER TABLE `tbl_cart`
  ADD CONSTRAINT `tbl_cart_ibfk_1` FOREIGN KEY (`productId`) REFERENCES `tbl_product` (`productId`) ON DELETE CASCADE ON UPDATE NO ACTION;

--
-- Constraints for table `tbl_compare`
--
ALTER TABLE `tbl_compare`
  ADD CONSTRAINT `tbl_compare_ibfk_1` FOREIGN KEY (`customer_id`) REFERENCES `tbl_customer` (`id`) ON DELETE CASCADE ON UPDATE NO ACTION,
  ADD CONSTRAINT `tbl_compare_ibfk_2` FOREIGN KEY (`productId`) REFERENCES `tbl_product` (`productId`) ON DELETE CASCADE ON UPDATE NO ACTION;

--
-- Constraints for table `tbl_order`
--
ALTER TABLE `tbl_order`
  ADD CONSTRAINT `tbl_order_ibfk_1` FOREIGN KEY (`customer_id`) REFERENCES `tbl_customer` (`id`) ON DELETE CASCADE ON UPDATE NO ACTION,
  ADD CONSTRAINT `tbl_order_ibfk_2` FOREIGN KEY (`productId`) REFERENCES `tbl_product` (`productId`) ON DELETE CASCADE ON UPDATE NO ACTION;

--
-- Constraints for table `tbl_product`
--
ALTER TABLE `tbl_product`
  ADD CONSTRAINT `tbl_product_ibfk_1` FOREIGN KEY (`catId`) REFERENCES `tbl_category` (`catId`) ON DELETE CASCADE ON UPDATE NO ACTION,
  ADD CONSTRAINT `tbl_product_ibfk_2` FOREIGN KEY (`brandId`) REFERENCES `tbl_brand` (`brandId`) ON DELETE CASCADE ON UPDATE NO ACTION;

--
-- Constraints for table `tbl_warehouse`
--
ALTER TABLE `tbl_warehouse`
  ADD CONSTRAINT `tbl_warehouse_ibfk_1` FOREIGN KEY (`id_sanpham`) REFERENCES `tbl_product` (`productId`) ON DELETE CASCADE ON UPDATE NO ACTION;

--
-- Constraints for table `tbl_wishlist`
--
ALTER TABLE `tbl_wishlist`
  ADD CONSTRAINT `tbl_wishlist_ibfk_1` FOREIGN KEY (`customer_id`) REFERENCES `tbl_customer` (`id`) ON DELETE CASCADE ON UPDATE NO ACTION,
  ADD CONSTRAINT `tbl_wishlist_ibfk_2` FOREIGN KEY (`productId`) REFERENCES `tbl_product` (`productId`) ON DELETE CASCADE ON UPDATE NO ACTION;
COMMIT;

/*!40101 SET CHARACTER_SET_CLIENT=@OLD_CHARACTER_SET_CLIENT */;
/*!40101 SET CHARACTER_SET_RESULTS=@OLD_CHARACTER_SET_RESULTS */;
/*!40101 SET COLLATION_CONNECTION=@OLD_COLLATION_CONNECTION */;
